,Num,power_d,power_u,speed_d,speed_u
0,1.0,0.0,0.0,0.0,0.0
1,2.0,0.0,137.643443102,0.025025025025,0.025025025025
2,3.0,0.0,271.724189827,0.0500500500501,0.0500500500501
3,4.0,0.0,402.242240177,0.0750750750751,0.0750750750751
4,5.0,0.0,529.197594151,0.1001001001,0.1001001001
5,6.0,0.0,652.590251748,0.125125125125,0.125125125125
6,7.0,0.0,772.42021297,0.15015015015,0.15015015015
7,8.0,0.0,888.687477815,0.175175175175,0.175175175175
8,9.0,0.0,1001.39204628,0.2002002002,0.2002002002
9,10.0,0.0,1110.53391838,0.225225225225,0.225225225225
10,11.0,0.0,1216.1130941,0.25025025025,0.25025025025
11,12.0,0.0,1318.12957344,0.275275275275,0.275275275275
12,13.0,0.0,1416.5833564,0.3003003003,0.3003003003
13,14.0,0.0,1511.47444299,0.325325325325,0.325325325325
14,15.0,0.0,1602.80283321,0.35035035035,0.35035035035
15,16.0,0.0,1690.56852704,0.375375375375,0.375375375375
16,17.0,0.0,1774.7715245,0.4004004004,0.4004004004
17,18.0,0.0,1855.41182559,0.425425425425,0.425425425425
18,19.0,0.0,1932.4894303,0.45045045045,0.45045045045
19,20.0,0.0,2006.00433863,0.475475475475,0.475475475475
20,21.0,0.0,2075.95655059,0.500500500501,0.500500500501
21,22.0,0.0,2142.34606617,0.525525525526,0.525525525526
22,23.0,0.0,2205.17288538,0.550550550551,0.550550550551
23,24.0,0.0,2264.43700821,0.575575575576,0.575575575576
24,25.0,0.0,2320.13843466,0.600600600601,0.600600600601
25,26.0,0.0,2372.27716474,0.625625625626,0.625625625626
26,27.0,0.0,2420.85319844,0.650650650651,0.650650650651
27,28.0,0.0,2465.86653576,0.675675675676,0.675675675676
28,29.0,0.0,2507.31717671,0.700700700701,0.700700700701
29,30.0,0.0,2545.20512128,0.725725725726,0.725725725726
30,31.0,0.0,2579.53036948,0.750750750751,0.750750750751
31,32.0,0.0,2610.2929213,0.775775775776,0.775775775776
32,33.0,0.0,2637.49277675,0.800800800801,0.800800800801
33,34.0,0.0,2661.12993582,0.825825825826,0.825825825826
34,35.0,0.0,2681.20439851,0.850850850851,0.850850850851
35,36.0,0.0,2697.71616483,0.875875875876,0.875875875876
36,37.0,0.0,2710.66523477,0.900900900901,0.900900900901
37,38.0,0.0,2720.05160833,0.925925925926,0.925925925926
38,39.0,0.0,2725.87528552,0.950950950951,0.950950950951
39,40.0,0.0,2728.13626634,0.975975975976,0.975975975976
40,41.0,0.0,2726.83455077,1.001001001,1.001001001
41,42.0,0.0,2721.97013883,1.02602602603,1.02602602603
42,43.0,0.0,2713.54303052,1.05105105105,1.05105105105
43,44.0,0.0,2701.55322583,1.07607607608,1.07607607608
44,45.0,0.0,2686.00072476,1.1011011011,1.1011011011
45,46.0,0.0,2666.88552732,1.12612612613,1.12612612613
46,47.0,0.0,2644.2076335,1.15115115115,1.15115115115
47,48.0,0.0,2617.9670433,1.17617617618,1.17617617618
48,49.0,0.0,2588.16375673,1.2012012012,1.2012012012
49,50.0,0.0,2558.96460625,1.22622622623,1.22622622623
50,51.0,0.0,2544.16649221,1.25125125125,1.25125125125
51,52.0,0.0,2544.86255746,1.27627627628,1.27627627628
52,53.0,0.0,2561.05280199,1.3013013013,1.3013013013
53,54.0,0.0,2592.7372258,1.32632632633,1.32632632633
54,55.0,0.0,2639.9158289,1.35135135135,1.35135135135
55,56.0,0.0,2702.58861128,1.37637637638,1.37637637638
56,57.0,0.0,2780.75557295,1.4014014014,1.4014014014
57,58.0,0.0,2874.4167139,1.42642642643,1.42642642643
58,59.0,0.0,2983.57203414,1.45145145145,1.45145145145
59,60.0,0.0,3108.22153366,1.47647647648,1.47647647648
60,61.0,0.0,3248.36521247,1.5015015015,1.5015015015
61,62.0,0.0,3404.00307056,1.52652652653,1.52652652653
62,63.0,0.0,3575.13510793,1.55155155155,1.55155155155
63,64.0,0.0,3761.76132459,1.57657657658,1.57657657658
64,65.0,0.0,3963.88172054,1.6016016016,1.6016016016
65,66.0,0.0,4181.49629577,1.62662662663,1.62662662663
66,67.0,0.0,4414.60505028,1.65165165165,1.65165165165
67,68.0,0.0,4663.20798408,1.67667667668,1.67667667668
68,69.0,0.0,4927.30509716,1.7017017017,1.7017017017
69,70.0,0.0,5206.89638952,1.72672672673,1.72672672673
70,71.0,0.0,5501.98186117,1.75175175175,1.75175175175
71,72.0,0.0,5812.56151211,1.77677677678,1.77677677678
72,73.0,0.0,6138.63534233,1.8018018018,1.8018018018
73,74.0,0.0,6477.43650912,1.82682682683,1.82682682683
74,75.0,0.0,6811.81668501,1.85185185185,1.85185185185
75,76.0,0.0,7138.82462067,1.87687687688,1.87687687688
76,77.0,0.0,7458.46031612,1.9019019019,1.9019019019
77,78.0,0.0,7770.72377133,1.92692692693,1.92692692693
78,79.0,0.0,8075.61498633,1.95195195195,1.95195195195
79,80.0,0.0,8373.1339611,1.97697697698,1.97697697698
80,81.0,0.0,8663.28069565,2.002002002,2.002002002
81,82.0,0.0,8946.05518997,2.02702702703,2.02702702703
82,83.0,0.0,9221.45744408,2.05205205205,2.05205205205
83,84.0,0.0,9489.48745795,2.07707707708,2.07707707708
84,85.0,0.0,9750.14523161,2.1021021021,2.1021021021
85,86.0,0.0,10003.430765,2.12712712713,2.12712712713
86,87.0,0.0,10249.3440583,2.15215215215,2.15215215215
87,88.0,0.0,10487.8851112,2.17717717718,2.17717717718
88,89.0,0.0,10719.053924,2.2022022022,2.2022022022
89,90.0,0.0,10942.8504965,2.22722722723,2.22722722723
90,91.0,0.0,11159.2748289,2.25225225225,2.25225225225
91,92.0,0.0,11368.3269209,2.27727727728,2.27727727728
92,93.0,0.0,11570.0067728,2.3023023023,2.3023023023
93,94.0,0.0,11764.3143845,2.32732732733,2.32732732733
94,95.0,0.0,11951.2497559,2.35235235235,2.35235235235
95,96.0,0.0,12130.8128871,2.37737737738,2.37737737738
96,97.0,0.0,12303.0037781,2.4024024024,2.4024024024
97,98.0,0.0,12467.8224288,2.42742742743,2.42742742743
98,99.0,0.0,12625.319065,2.45245245245,2.45245245245
99,100.0,0.0,12780.1305739,2.47747747748,2.47747747748
100,101.0,0.0,12935.2839592,2.5025025025,2.5025025025
101,102.0,0.0,13090.779221,2.52752752753,2.52752752753
102,103.0,0.0,13246.6163593,2.55255255255,2.55255255255
103,104.0,0.0,13402.7953739,2.57757757758,2.57757757758
104,105.0,0.0,13559.316265,2.6026026026,2.6026026026
105,106.0,0.0,13716.1790326,2.62762762763,2.62762762763
106,107.0,0.0,13873.3836766,2.65265265265,2.65265265265
107,108.0,0.0,14030.9301971,2.67767767768,2.67767767768
108,109.0,0.0,14188.818594,2.7027027027,2.7027027027
109,110.0,0.0,14347.0488673,2.72772772773,2.72772772773
110,111.0,0.0,14505.6210171,2.75275275275,2.75275275275
111,112.0,0.0,14664.5350434,2.77777777778,2.77777777778
112,113.0,0.0,14823.790946,2.8028028028,2.8028028028
113,114.0,47.9292009736,14983.3887252,2.82782782783,2.82782782783
114,115.0,137.528005481,15143.3283808,2.85285285285,2.85285285285
115,116.0,228.691277572,15303.6099128,2.87787787788,2.87787787788
116,117.0,321.419017248,15464.2333212,2.9029029029,2.9029029029
117,118.0,415.711224507,15625.1986062,2.92792792793,2.92792792793
118,119.0,511.56789935,15786.5057675,2.95295295295,2.95295295295
119,120.0,608.989041777,15948.1548053,2.97797797798,2.97797797798
120,121.0,707.974651788,16110.1457196,3.003003003,3.003003003
121,122.0,808.524729383,16272.4785103,3.02802802803,3.02802802803
122,123.0,910.639274563,16435.1531774,3.05305305305,3.05305305305
123,124.0,1014.31828733,16598.169721,3.07807807808,3.07807807808
124,125.0,1119.56176767,16764.6669258,3.1031031031,3.1031031031
125,126.0,1226.3697156,16942.6829629,3.12812812813,3.12812812813
126,127.0,1334.74213112,17132.620471,3.15315315315,3.15315315315
127,128.0,1444.67901422,17334.4794499,3.17817817818,3.17817817818
128,129.0,1556.1803649,17548.2598998,3.2032032032,3.2032032032
129,130.0,1669.24618317,17773.9618207,3.22822822823,3.22822822823
130,131.0,1783.87646902,18011.5852125,3.25325325325,3.25325325325
131,132.0,1900.07122245,18261.1300752,3.27827827828,3.27827827828
132,133.0,2017.83044347,18522.5964088,3.3033033033,3.3033033033
133,134.0,2137.15413207,18795.9842134,3.32832832833,3.32832832833
134,135.0,2258.04228826,19081.293489,3.35335335335,3.35335335335
135,136.0,2380.49491203,19378.5242354,3.37837837838,3.37837837838
136,137.0,2504.51200339,19687.6764529,3.4034034034,3.4034034034
137,138.0,2630.09356233,20008.7501412,3.42842842843,3.42842842843
138,139.0,2757.23958885,20341.7453005,3.45345345345,3.45345345345
139,140.0,2885.95008295,20686.6619307,3.47847847848,3.47847847848
140,141.0,3016.22504465,21043.5000319,3.5035035035,3.5035035035
141,142.0,3148.06447392,21412.259604,3.52852852853,3.52852852853
142,143.0,3281.46837078,21792.940647,3.55355355355,3.55355355355
143,144.0,3416.43673522,22185.543161,3.57857857858,3.57857857858
144,145.0,3552.96956725,22590.0671459,3.6036036036,3.6036036036
145,146.0,3691.06686686,23006.5126018,3.62862862863,3.62862862863
146,147.0,3830.72863405,23434.8795286,3.65365365365,3.65365365365
147,148.0,3971.95486883,23869.4743354,3.67867867868,3.67867867868
148,149.0,4114.74557119,24297.5291194,3.7037037037,3.7037037037
149,150.0,4259.10074114,24718.5661996,3.72872872873,3.72872872873
150,151.0,4405.02037867,25132.5855759,3.75375375375,3.75375375375
151,152.0,4552.50448378,25539.5872484,3.77877877878,3.77877877878
152,153.0,4701.55305648,25939.571217,3.8038038038,3.8038038038
153,154.0,4852.16609676,26332.5374818,3.82882882883,3.82882882883
154,155.0,5004.34360463,26718.4860427,3.85385385385,3.85385385385
155,156.0,5158.08558008,27097.4168998,3.87887887888,3.87887887888
156,157.0,5313.39202311,27469.330053,3.9039039039,3.9039039039
157,158.0,5470.26293373,27834.2255023,3.92892892893,3.92892892893
158,159.0,5628.69831193,28192.1032478,3.95395395395,3.95395395395
159,160.0,5788.69815772,28542.9632895,3.97897897898,3.97897897898
160,161.0,5950.26247109,28886.8056273,4.004004004,4.004004004
161,162.0,6113.39125204,29223.6302612,4.02902902903,4.02902902903
162,163.0,6278.08450058,29553.4371913,4.05405405405,4.05405405405
163,164.0,6444.3422167,29876.2264175,4.07907907908,4.07907907908
164,165.0,6612.16440041,30191.9979399,4.1041041041,4.1041041041
165,166.0,6781.5510517,30500.7517584,4.12912912913,4.12912912913
166,167.0,6952.50217057,30802.487873,4.15415415415,4.15415415415
167,168.0,7125.01775703,31097.2062838,4.17917917918,4.17917917918
168,169.0,7299.09781107,31384.9069908,4.2042042042,4.2042042042
169,170.0,7474.7423327,31665.5899939,4.22922922923,4.22922922923
170,171.0,7651.95132191,31939.2552931,4.25425425425,4.25425425425
171,172.0,7830.39582612,32205.9028885,4.27927927928,4.27927927928
172,173.0,8008.75257556,32465.53278,4.3043043043,4.3043043043
173,174.0,8186.88257354,32718.1449677,4.32932932933,4.32932932933
174,175.0,8364.78582006,32963.7394515,4.35435435435,4.35435435435
175,176.0,8542.46231512,33202.3162314,4.37937937938,4.37937937938
176,177.0,8719.91205871,33439.1675152,4.4044044044,4.4044044044
177,178.0,8897.13505085,33686.291821,4.42942942943,4.42942942943
178,179.0,9074.13129152,33944.1498256,4.45445445445,4.45445445445
179,180.0,9250.90078073,34212.741529,4.47947947948,4.47947947948
180,181.0,9427.44351848,34492.0669312,4.5045045045,4.5045045045
181,182.0,9603.75950477,34782.1260322,4.52952952953,4.52952952953
182,183.0,9779.84873959,35082.9188319,4.55455455455,4.55455455455
183,184.0,9955.71122296,35394.4453304,4.57957957958,4.57957957958
184,185.0,10131.3469549,35716.7055277,4.6046046046,4.6046046046
185,186.0,10306.7559353,36049.6994238,4.62962962963,4.62962962963
186,187.0,10481.9381643,36393.4270187,4.65465465465,4.65465465465
187,188.0,10656.8936418,36747.8883123,4.67967967968,4.67967967968
188,189.0,10831.6223679,37113.0833047,4.7047047047,4.7047047047
189,190.0,11006.1243425,37489.0119959,4.72972972973,4.72972972973
190,191.0,11180.3995656,37875.6743859,4.75475475475,4.75475475475
191,192.0,11354.4480373,38273.0704747,4.77977977978,4.77977977978
192,193.0,11528.2697575,38681.2002622,4.8048048048,4.8048048048
193,194.0,11701.8647262,39100.0637485,4.82982982983,4.82982982983
194,195.0,11875.2329435,39529.6609336,4.85485485485,4.85485485485
195,196.0,12048.3744093,39969.9918175,4.87987987988,4.87987987988
196,197.0,12221.2891237,40421.0564001,4.9049049049,4.9049049049
197,198.0,12393.9770866,40882.8546816,4.92992992993,4.92992992993
198,199.0,12566.4382981,41355.3866618,4.95495495495,4.95495495495
199,200.0,12738.672758,41838.6523408,4.97997997998,4.97997997998
200,201.0,12910.6804666,42332.6517186,5.00500500501,5.00500500501
201,202.0,13082.4614236,42837.3847951,5.03003003003,5.03003003003
202,203.0,13254.0156292,43352.3729332,5.05505505506,5.05505505506
203,204.0,13425.3430833,43859.5717859,5.08008008008,5.08008008008
204,205.0,13596.443786,44349.8006213,5.10510510511,5.10510510511
205,206.0,13767.3177372,44823.0594394,5.13013013013,5.13013013013
206,207.0,13938.9624487,45279.3482401,5.15515515516,5.15515515516
207,208.0,14116.1177145,45718.6670236,5.18018018018,5.18018018018
208,209.0,14299.3969313,46141.0157898,5.20520520521,5.20520520521
209,210.0,14488.8000991,46546.3945386,5.23023023023,5.23023023023
210,211.0,14684.3272178,46934.8032702,5.25525525526,5.25525525526
211,212.0,14885.9782876,47306.2419844,5.28028028028,5.28028028028
212,213.0,15093.7533083,47660.7106813,5.30530530531,5.30530530531
213,214.0,15307.65228,47998.209361,5.33033033033,5.33033033033
214,215.0,15527.6752027,48318.7380233,5.35535535536,5.35535535536
215,216.0,15753.8220764,48622.2966683,5.38038038038,5.38038038038
216,217.0,15986.0929011,48908.885296,5.40540540541,5.40540540541
217,218.0,16224.4876767,49178.5039063,5.43043043043,5.43043043043
218,219.0,16469.0064034,49431.1524994,5.45545545546,5.45545545546
219,220.0,16719.649081,49666.8310752,5.48048048048,5.48048048048
220,221.0,16976.4157096,49885.5396336,5.50550550551,5.50550550551
221,222.0,17239.3062892,50087.2781748,5.53053053053,5.53053053053
222,223.0,17508.3208198,50272.0466986,5.55555555556,5.55555555556
223,224.0,17783.4593014,50450.2092546,5.58058058058,5.58058058058
224,225.0,18064.7217339,50658.4782524,5.60560560561,5.60560560561
225,226.0,18352.1081175,50900.0782433,5.63063063063,5.63063063063
226,227.0,18645.618452,51175.0092273,5.65565565566,5.65565565566
227,228.0,18945.2527375,51483.2712043,5.68068068068,5.68068068068
228,229.0,19251.010974,51824.8641743,5.70570570571,5.70570570571
229,230.0,19562.8931615,52199.7881374,5.73073073073,5.73073073073
230,231.0,19880.8993,52608.0430936,5.75575575576,5.75575575576
231,232.0,20205.0293894,53049.6290429,5.78078078078,5.78078078078
232,233.0,20535.2834299,53524.5459851,5.80580580581,5.80580580581
233,234.0,20871.6614213,54032.7939205,5.83083083083,5.83083083083
234,235.0,21214.1633637,54574.3728489,5.85585585586,5.85585585586
235,236.0,21562.7892571,55149.2827704,5.88088088088,5.88088088088
236,237.0,21917.5391015,55757.5236849,5.90590590591,5.90590590591
237,238.0,22278.4128968,56399.0955925,5.93093093093,5.93093093093
238,239.0,22645.4106432,57073.9984931,5.95595595596,5.95595595596
239,240.0,23020.1691144,57782.2323868,5.98098098098,5.98098098098
240,241.0,23404.8126167,58523.7972735,6.00600600601,6.00600600601
241,242.0,23799.3499033,59298.6931534,6.03103103103,6.03103103103
242,243.0,24203.7809741,60106.9200262,6.05605605606,6.05605605606
243,244.0,24618.1058292,60948.4778922,6.08108108108,6.08108108108
244,245.0,25042.3244685,61823.3667511,6.10610610611,6.10610610611
245,246.0,25476.4368921,62711.8169365,6.13113113113,6.13113113113
246,247.0,25920.4430999,63583.9316879,6.15615615616,6.15615615616
247,248.0,26374.343092,64439.4060126,6.18118118118,6.18118118118
248,249.0,26838.1368684,65278.2399107,6.20620620621,6.20620620621
249,250.0,27311.824429,66100.4333821,6.23123123123,6.23123123123
250,251.0,27795.4057738,66905.9864269,6.25625625626,6.25625625626
251,252.0,28288.8809029,67694.899045,6.28128128128,6.28128128128
252,253.0,28792.2498162,68467.1712364,6.30630630631,6.30630630631
253,254.0,29305.5125138,69222.8030012,6.33133133133,6.33133133133
254,255.0,29828.6689957,69961.7943393,6.35635635636,6.35635635636
255,256.0,30361.7192618,70684.1452507,6.38138138138,6.38138138138
256,257.0,30904.6633121,71389.8557355,6.40640640641,6.40640640641
257,258.0,31457.5011467,72078.9257936,6.43143143143,6.43143143143
258,259.0,32020.2327656,72751.3554251,6.45645645646,6.45645645646
259,260.0,32592.8581687,73407.1446299,6.48148148148,6.48148148148
260,261.0,33175.3773561,74046.293408,6.50650650651,6.50650650651
261,262.0,33767.7903277,74668.8017595,6.53153153153,6.53153153153
262,263.0,34370.0970835,75274.6696843,6.55655655656,6.55655655656
263,264.0,34982.2976236,75863.8971824,6.58158158158,6.58158158158
264,265.0,35604.391948,76436.4842539,6.60660660661,6.60660660661
265,266.0,36235.1175052,76996.6053759,6.63163163163,6.63163163163
266,267.0,36859.1193969,77595.0297052,6.65665665666,6.65665665666
267,268.0,37471.8694348,78246.7291614,6.68168168168,6.68168168168
268,269.0,38073.3676189,78951.7037443,6.70670670671,6.70670670671
269,270.0,38663.6139493,79709.9534541,6.73173173173,6.73173173173
270,271.0,39242.6084259,80521.4782907,6.75675675676,6.75675675676
271,272.0,39810.3510487,81386.2782542,6.78178178178,6.78178178178
272,273.0,40366.8418177,82304.3533444,6.80680680681,6.80680680681
273,274.0,40912.0807329,83275.7035615,6.83183183183,6.83183183183
274,275.0,41446.0677944,84300.3289054,6.85685685686,6.85685685686
275,276.0,41968.8030021,85378.2293761,6.88188188188,6.88188188188
276,277.0,42480.2863561,86509.4049737,6.90690690691,6.90690690691
277,278.0,42980.5178562,87693.8556981,6.93193193193,6.93193193193
278,279.0,43469.4975026,88931.5815493,6.95695695696,6.95695695696
279,280.0,43947.2252952,90222.5825273,6.98198198198,6.98198198198
280,281.0,44413.701234,91566.8586321,7.00700700701,7.00700700701
281,282.0,44868.9253191,92939.1464652,7.03203203203,7.03203203203
282,283.0,45312.8975504,94247.9056716,7.05705705706,7.05705705706
283,284.0,45745.6179279,95484.824047,7.08208208208,7.08208208208
284,285.0,46167.0864516,96649.9015914,7.10710710711,7.10710710711
285,286.0,46577.3031216,97743.1383048,7.13213213213,7.13213213213
286,287.0,46976.2679377,98764.5341873,7.15715715716,7.15715715716
287,288.0,47363.9809001,99714.0892387,7.18218218218,7.18218218218
288,289.0,47740.4420088,100591.803459,7.20720720721,7.20720720721
289,290.0,48105.6512636,101397.676849,7.23223223223,7.23223223223
290,291.0,48459.6086647,102131.709407,7.25725725726,7.25725725726
291,292.0,48802.314212,102793.901135,7.28228228228,7.28228228228
292,293.0,49133.7679055,103384.252031,7.30730730731,7.30730730731
293,294.0,49453.9697453,103902.762097,7.33233233233,7.33233233233
294,295.0,49762.9197313,104356.007339,7.35735735736,7.35735735736
295,296.0,50060.6178635,104825.365174,7.38238238238,7.38238238238
296,297.0,50347.0641419,105335.104766,7.40740740741,7.40740740741
297,298.0,50639.5144075,105885.226117,7.43243243243,7.43243243243
298,299.0,50960.9006043,106475.729226,7.45745745746,7.45745745746
299,300.0,51311.3348603,107106.614093,7.48248248248,7.48248248248
300,301.0,51690.8171755,107777.880718,7.50750750751,7.50750750751
301,302.0,52099.3475498,108489.529102,7.53253253253,7.53253253253
302,303.0,52536.9259833,109241.559243,7.55755755756,7.55755755756
303,304.0,53003.552476,110033.971143,7.58258258258,7.58258258258
304,305.0,53499.2270278,110866.7648,7.60760760761,7.60760760761
305,306.0,54023.9496389,111739.940216,7.63263263263,7.63263263263
306,307.0,54577.7203091,112653.49739,7.65765765766,7.65765765766
307,308.0,55160.5390385,113607.436322,7.68268268268,7.68268268268
308,309.0,55772.405827,114601.757013,7.70770770771,7.70770770771
309,310.0,56413.3206748,115636.459461,7.73273273273,7.73273273273
310,311.0,57083.2835817,116711.543668,7.75775775776,7.75775775776
311,312.0,57782.2945478,117821.606969,7.78278278278,7.78278278278
312,313.0,58510.353573,118921.875888,7.80780780781,7.80780780781
313,314.0,59267.4606575,120002.362691,7.83283283283,7.83283283283
314,315.0,60053.6158011,121063.067379,7.85785785786,7.85785785786
315,316.0,60868.8190039,122103.989952,7.88288288288,7.88288288288
316,317.0,61713.0702659,123125.130409,7.90790790791,7.90790790791
317,318.0,62586.369587,124126.488751,7.93293293293,7.93293293293
318,319.0,63488.7169674,125108.064977,7.95795795796,7.95795795796
319,320.0,64420.1124069,126069.859088,7.98298298298,7.98298298298
320,321.0,65380.5559056,127011.871083,8.00800800801,8.00800800801
321,322.0,66370.0474634,127934.100963,8.03303303303,8.03303303303
322,323.0,67388.5870805,128836.548728,8.05805805806,8.05805805806
323,324.0,68436.1747567,129719.214378,8.08308308308,8.08308308308
324,325.0,69512.3619365,130582.097912,8.10810810811,8.10810810811
325,326.0,70584.8986964,131425.19933,8.13313313313,8.13313313313
326,327.0,71633.9230001,132248.518633,8.15815815816,8.15815815816
327,328.0,72659.4348476,133066.237388,8.18318318318,8.18318318318
328,329.0,73661.4342389,133917.573654,8.20820820821,8.20820820821
329,330.0,74639.9211741,134804.809319,8.23323323323,8.23323323323
330,331.0,75594.8956531,135727.944384,8.25825825826,8.25825825826
331,332.0,76526.3576759,136686.978848,8.28328328328,8.28328328328
332,333.0,77434.3072425,137681.912711,8.30830830831,8.30830830831
333,334.0,78318.7443529,138712.745974,8.33333333333,8.33333333333
334,335.0,79179.6690071,139779.478637,8.35835835836,8.35835835836
335,336.0,80017.0812052,140882.110698,8.38338338338,8.38338338338
336,337.0,80830.9809471,142020.64216,8.40840840841,8.40840840841
337,338.0,81621.3682327,143195.07302,8.43343343343,8.43343343343
338,339.0,82388.2430623,144405.40328,8.45845845846,8.45845845846
339,340.0,83131.6054356,145630.943621,8.48348348348,8.48348348348
340,341.0,83851.4553527,146795.003455,8.50850850851,8.50850850851
341,342.0,84547.7928137,147890.38709,8.53353353353,8.53353353353
342,343.0,85220.6180748,148917.094525,8.55855855856,8.55855855856
343,344.0,85889.5361484,149875.125761,8.58358358358,8.58358358358
344,345.0,86573.8702702,150764.480797,8.60860860861,8.60860860861
345,346.0,87273.6204403,151585.159633,8.63363363363,8.63363363363
346,347.0,87988.7866586,152337.16227,8.65865865866,8.65865865866
347,348.0,88719.3689251,153020.488707,8.68368368368,8.68368368368
348,349.0,89465.3672399,153635.138945,8.70870870871,8.70870870871
349,350.0,90226.7816029,154181.112983,8.73373373373,8.73373373373
350,351.0,91003.6120141,154658.410822,8.75875875876,8.75875875876
351,352.0,91795.8584736,155067.032461,8.78378378378,8.78378378378
352,353.0,92603.5209813,155413.320558,8.80880880881,8.80880880881
353,354.0,93426.5995372,155778.575598,8.83383383383,8.83383383383
354,355.0,94265.0941414,156187.592828,8.85885885886,8.85885885886
355,356.0,95119.0047937,156640.37225,8.88388388388,8.88388388388
356,357.0,95988.3314944,157136.913862,8.90890890891,8.90890890891
357,358.0,96873.0742432,157677.217666,8.93393393393,8.93393393393
358,359.0,97773.2330403,158261.28366,8.95895895896,8.95895895896
359,360.0,98688.8078856,158889.111845,8.98398398398,8.98398398398
360,361.0,99619.7987792,159560.702221,9.00900900901,9.00900900901
361,362.0,100566.205721,160276.054789,9.03403403403,9.03403403403
362,363.0,101528.028711,161035.169547,9.05905905906,9.05905905906
363,364.0,102505.267749,161838.046496,9.08408408408,9.08408408408
364,365.0,103497.922836,162684.685636,9.10910910911,9.10910910911
365,366.0,104505.967157,163575.086967,9.13413413413,9.13413413413
366,367.0,105513.522488,164509.250488,9.15915915916,9.15915915916
367,368.0,106507.139489,165487.176201,9.18418418418,9.18418418418
368,369.0,107486.818159,166497.253209,9.20920920921,9.20920920921
369,370.0,108452.558499,167495.948978,9.23423423423,9.23423423423
370,371.0,109404.360509,168479.112266,9.25925925926,9.25925925926
371,372.0,110342.224189,169446.743072,9.28428428428,9.28428428428
372,373.0,111266.149539,170398.841396,9.30930930931,9.30930930931
373,374.0,112176.136559,171335.407239,9.33433433433,9.33433433433
374,375.0,113072.185248,172256.4406,9.35935935936,9.35935935936
375,376.0,113954.295608,173161.941479,9.38438438438,9.38438438438
376,377.0,114822.467637,174051.909876,9.40940940941,9.40940940941
377,378.0,115676.701336,174926.345792,9.43443443443,9.43443443443
378,379.0,116516.996705,175785.249226,9.45945945946,9.45945945946
379,380.0,117343.353744,176628.620178,9.48448448448,9.48448448448
380,381.0,118155.772452,177453.667299,9.50950950951,9.50950950951
381,382.0,118954.252831,178246.123899,9.53453453453,9.53453453453
382,383.0,119738.794879,179003.982764,9.55955955956,9.55955955956
383,384.0,120509.398597,179727.243895,9.58458458458,9.58458458458
384,385.0,121266.063985,180415.90729,9.60960960961,9.60960960961
385,386.0,122008.791042,181069.972951,9.63463463463,9.63463463463
386,387.0,122737.57977,181689.440877,9.65965965966,9.65965965966
387,388.0,123452.430167,182274.311068,9.68468468468,9.68468468468
388,389.0,124153.342235,182824.583524,9.70970970971,9.70970970971
389,390.0,124840.315972,183340.258246,9.73473473473,9.73473473473
390,391.0,125518.758169,183821.335233,9.75975975976,9.75975975976
391,392.0,126197.324485,184267.814484,9.78478478478,9.78478478478
392,393.0,126876.128547,184679.696001,9.80980980981,9.80980980981
393,394.0,127555.170353,185056.979784,9.83483483483,9.83483483483
394,395.0,128234.449905,185399.69037,9.85985985986,9.85985985986
395,396.0,128913.967203,185724.735709,9.88488488488,9.88488488488
396,397.0,129593.722246,186046.613374,9.90990990991,9.90990990991
397,398.0,130273.715034,186365.323367,9.93493493493,9.93493493493
398,399.0,130953.945567,186680.865688,9.95995995996,9.95995995996
399,400.0,131634.413846,186993.240336,9.98498498498,9.98498498498
400,401.0,132315.119871,187302.447312,10.01001001,10.01001001
401,402.0,132996.06364,187608.486615,10.035035035,10.035035035
402,403.0,133677.245155,187911.358246,10.0600600601,10.0600600601
403,404.0,134358.664416,188211.062204,10.0850850851,10.0850850851
404,405.0,135040.321422,188507.59849,10.1101101101,10.1101101101
405,406.0,135722.216173,188800.967103,10.1351351351,10.1351351351
406,407.0,136404.348669,189091.168044,10.1601601602,10.1601601602
407,408.0,137086.718911,189378.201312,10.1851851852,10.1851851852
408,409.0,137769.326898,189662.066908,10.2102102102,10.2102102102
409,410.0,138452.172631,189942.764832,10.2352352352,10.2352352352
410,411.0,139135.256109,190220.295082,10.2602602603,10.2602602603
411,412.0,139818.577332,190494.657661,10.2852852853,10.2852852853
412,413.0,140502.136301,190765.852567,10.3103103103,10.3103103103
413,414.0,141185.933015,191033.8798,10.3353353353,10.3353353353
414,415.0,141869.967474,191298.739361,10.3603603604,10.3603603604
415,416.0,142554.239679,191559.805745,10.3853853854,10.3853853854
416,417.0,143238.749629,191813.25854,10.4104104104,10.4104104104
417,418.0,143923.4697,192058.449646,10.4354354354,10.4354354354
418,419.0,144603.284248,192295.379064,10.4604604605,10.4604604605
419,420.0,145274.400084,192524.046794,10.4854854855,10.4854854855
420,421.0,145936.817208,192744.452836,10.5105105105,10.5105105105
421,422.0,146590.535622,192956.597189,10.5355355355,10.5355355355
422,423.0,147235.555323,193160.479855,10.5605605606,10.5605605606
423,424.0,147871.876314,193356.100832,10.5855855856,10.5855855856
424,425.0,148499.498593,193543.46012,10.6106106106,10.6106106106
425,426.0,149118.42216,193722.557721,10.6356356356,10.6356356356
426,427.0,149728.647016,193893.393633,10.6606606607,10.6606606607
427,428.0,150330.173161,194055.967857,10.6856856857,10.6856856857
428,429.0,150923.000594,194210.280393,10.7107107107,10.7107107107
429,430.0,151507.129316,194356.331241,10.7357357357,10.7357357357
430,431.0,152082.559326,194494.1204,10.7607607608,10.7607607608
431,432.0,152649.290625,194623.647871,10.7857857858,10.7857857858
432,433.0,153207.323212,194744.913654,10.8108108108,10.8108108108
433,434.0,153756.657088,194857.917749,10.8358358358,10.8358358358
434,435.0,154297.292252,194962.660155,10.8608608609,10.8608608609
435,436.0,154829.228705,195059.140873,10.8858858859,10.8858858859
436,437.0,155352.466447,195147.359903,10.9109109109,10.9109109109
437,438.0,155867.005477,195227.317245,10.9359359359,10.9359359359
438,439.0,156372.845795,195299.012898,10.960960961,10.960960961
439,440.0,156869.987403,195362.446863,10.985985986,10.985985986
440,441.0,157358.430298,195417.61914,11.011011011,11.011011011
441,442.0,157838.174483,195464.529729,11.036036036,11.036036036
442,443.0,158309.219956,195503.178629,11.0610610611,11.0610610611
443,444.0,158771.566717,195533.565841,11.0860860861,11.0860860861
444,445.0,159225.214767,195556.868783,11.1111111111,11.1111111111
445,446.0,159670.164105,195580.372963,11.1361361361,11.1361361361
446,447.0,160106.414733,195605.330226,11.1611611612,11.1611611612
447,448.0,160533.966648,195631.740573,11.1861861862,11.1861861862
448,449.0,160952.819852,195659.604003,11.2112112112,11.2112112112
449,450.0,161362.583077,195688.920517,11.2362362362,11.2362362362
450,451.0,161761.948022,195719.690114,11.2612612613,11.2612612613
451,452.0,162150.809429,195751.912794,11.2862862863,11.2862862863
452,453.0,162529.167295,195785.588558,11.3113113113,11.3113113113
453,454.0,162897.021622,195820.717406,11.3363363363,11.3363363363
454,455.0,163254.372409,195857.299337,11.3613613614,11.3613613614
455,456.0,163601.219656,195895.334351,11.3863863864,11.3863863864
456,457.0,163937.563363,195934.822449,11.4114114114,11.4114114114
457,458.0,164263.403531,195975.763631,11.4364364364,11.4364364364
458,459.0,164578.740159,196018.157895,11.4614614615,11.4614614615
459,460.0,164883.573247,196062.005244,11.4864864865,11.4864864865
460,461.0,165177.902796,196107.305676,11.5115115115,11.5115115115
461,462.0,165461.728804,196154.059191,11.5365365365,11.5365365365
462,463.0,165735.051273,196202.26579,11.5615615616,11.5615615616
463,464.0,165997.870203,196251.925472,11.5865865866,11.5865865866
464,465.0,166250.185592,196303.038237,11.6116116116,11.6116116116
465,466.0,166491.997442,196355.604087,11.6366366366,11.6366366366
466,467.0,166723.305752,196409.623019,11.6616616617,11.6616616617
467,468.0,166944.110522,196465.095035,11.6866866867,11.6866866867
468,469.0,167154.411752,196522.020135,11.7117117117,11.7117117117
469,470.0,167354.209443,196580.398318,11.7367367367,11.7367367367
470,471.0,167543.503594,196640.229584,11.7617617618,11.7617617618
471,472.0,167722.294205,196701.513934,11.7867867868,11.7867867868
472,473.0,167890.581277,196764.251368,11.8118118118,11.8118118118
473,474.0,168048.364809,196828.441884,11.8368368368,11.8368368368
474,475.0,168195.644801,196894.085485,11.8618618619,11.8618618619
475,476.0,168332.421253,196961.182169,11.8868868869,11.8868868869
476,477.0,168458.694165,197029.731936,11.9119119119,11.9119119119
477,478.0,168577.033188,197099.734787,11.9369369369,11.9369369369
478,479.0,168691.693881,197171.190721,11.961961962,11.961961962
479,480.0,168802.740228,197244.099738,11.986986987,11.986986987
480,481.0,168910.172228,197318.46184,12.012012012,12.012012012
481,482.0,169013.989883,197394.277024,12.037037037,12.037037037
482,483.0,169114.193191,197471.545292,12.0620620621,12.0620620621
483,484.0,169210.782153,197550.266644,12.0870870871,12.0870870871
484,485.0,169303.756769,197630.441079,12.1121121121,12.1121121121
485,486.0,169393.117039,197712.068597,12.1371371371,12.1371371371
486,487.0,169478.862963,197795.080667,12.1621621622,12.1621621622
487,488.0,169560.99454,197877.130381,12.1871871872,12.1871871872
488,489.0,169639.511771,197957.064088,12.2122122122,12.2122122122
489,490.0,169714.414656,198034.881789,12.2372372372,12.2372372372
490,491.0,169785.703195,198110.583483,12.2622622623,12.2622622623
491,492.0,169853.377388,198184.169171,12.2872872873,12.2872872873
492,493.0,169917.437235,198255.638853,12.3123123123,12.3123123123
493,494.0,169977.882735,198324.992527,12.3373373373,12.3373373373
494,495.0,170034.713889,198392.230196,12.3623623624,12.3623623624
495,496.0,170087.930697,198457.351857,12.3873873874,12.3873873874
496,497.0,170137.533159,198520.357513,12.4124124124,12.4124124124
497,498.0,170183.521275,198581.247161,12.4374374374,12.4374374374
498,499.0,170225.895045,198640.020804,12.4624624625,12.4624624625
499,500.0,170264.654468,198696.678439,12.4874874875,12.4874874875
500,501.0,170299.799545,198751.220068,12.5125125125,12.5125125125
501,502.0,170331.330276,198803.645691,12.5375375375,12.5375375375
502,503.0,170359.246661,198853.955307,12.5625625626,12.5625625626
503,504.0,170383.5487,198902.148917,12.5875875876,12.5875875876
504,505.0,170404.236392,198948.22652,12.6126126126,12.6126126126
505,506.0,170421.309739,198992.188116,12.6376376376,12.6376376376
506,507.0,170434.768739,199034.033706,12.6626626627,12.6626626627
507,508.0,170444.613393,199073.76329,12.6876876877,12.6876876877
508,509.0,170450.843701,199111.376867,12.7127127127,12.7127127127
509,510.0,170453.459663,199146.874437,12.7377377377,12.7377377377
510,511.0,170452.461278,199180.256001,12.7627627628,12.7627627628
511,512.0,170447.848548,199211.521559,12.7877877878,12.7877877878
512,513.0,170439.621471,199240.671109,12.8128128128,12.8128128128
513,514.0,170427.780048,199267.704654,12.8378378378,12.8378378378
514,515.0,170412.324279,199292.622192,12.8628628629,12.8628628629
515,516.0,170393.254163,199315.423723,12.8878878879,12.8878878879
516,517.0,170370.569702,199336.109248,12.9129129129,12.9129129129
517,518.0,170344.270894,199354.678766,12.9379379379,12.9379379379
518,519.0,170314.357741,199371.132278,12.962962963,12.962962963
519,520.0,170280.830241,199385.469783,12.987987988,12.987987988
520,521.0,170243.688394,199397.691282,13.013013013,13.013013013
521,522.0,170202.932202,199407.796774,13.038038038,13.038038038
522,523.0,170158.561664,199415.786259,13.0630630631,13.0630630631
523,524.0,170110.576779,199421.659739,13.0880880881,13.0880880881
524,525.0,170058.977548,199425.417211,13.1131131131,13.1131131131
525,526.0,170003.763971,199427.058677,13.1381381381,13.1381381381
526,527.0,169945.178482,199426.584137,13.1631631632,13.1631631632
527,528.0,169886.687706,199423.99359,13.1881881882,13.1881881882
528,529.0,169829.421944,199419.287036,13.2132132132,13.2132132132
529,530.0,169773.381196,199412.464476,13.2382382382,13.2382382382
530,531.0,169718.565462,199403.52591,13.2632632633,13.2632632633
531,532.0,169664.974742,199392.471337,13.2882882883,13.2882882883
532,533.0,169612.609035,199379.395102,13.3133133133,13.3133133133
533,534.0,169561.468342,199366.051563,13.3383383383,13.3383383383
534,535.0,169511.552663,199353.101787,13.3633633634,13.3633633634
535,536.0,169462.861998,199340.545773,13.3883883884,13.3883883884
536,537.0,169415.396347,199328.383522,13.4134134134,13.4134134134
537,538.0,169369.155709,199316.615033,13.4384384384,13.4384384384
538,539.0,169324.140086,199305.240307,13.4634634635,13.4634634635
539,540.0,169280.349476,199294.259343,13.4884884885,13.4884884885
540,541.0,169237.78388,199283.672142,13.5135135135,13.5135135135
541,542.0,169196.443298,199273.478704,13.5385385385,13.5385385385
542,543.0,169156.32773,199263.679028,13.5635635636,13.5635635636
543,544.0,169117.437176,199254.273115,13.5885885886,13.5885885886
544,545.0,169079.771635,199245.260964,13.6136136136,13.6136136136
545,546.0,169043.331108,199236.642576,13.6386386386,13.6386386386
546,547.0,169008.115595,199228.41795,13.6636636637,13.6636636637
547,548.0,168974.125096,199220.587087,13.6886886887,13.6886886887
548,549.0,168941.359611,199213.149987,13.7137137137,13.7137137137
549,550.0,168909.81914,199206.106649,13.7387387387,13.7387387387
550,551.0,168879.503682,199199.457074,13.7637637638,13.7637637638
551,552.0,168850.413239,199193.201261,13.7887887888,13.7887887888
552,553.0,168822.547809,199187.339211,13.8138138138,13.8138138138
553,554.0,168795.907393,199181.870924,13.8388388388,13.8388388388
554,555.0,168770.491991,199176.796399,13.8638638639,13.8638638639
555,556.0,168746.301602,199172.115637,13.8888888889,13.8888888889
556,557.0,168723.336228,199167.828637,13.9139139139,13.9139139139
557,558.0,168701.595867,199163.9354,13.9389389389,13.9389389389
558,559.0,168681.08052,199160.435925,13.963963964,13.963963964
559,560.0,168661.790187,199157.330213,13.988988989,13.988988989
560,561.0,168643.724868,199154.618264,14.014014014,14.014014014
561,562.0,168626.884563,199152.300077,14.039039039,14.039039039
562,563.0,168611.269271,199150.375652,14.0640640641,14.0640640641
563,564.0,168596.878994,199148.844991,14.0890890891,14.0890890891
564,565.0,168583.71373,199147.708092,14.1141141141,14.1141141141
565,566.0,168571.77348,199147.026298,14.1391391391,14.1391391391
566,567.0,168561.058244,199147.014164,14.1641641642,14.1641641642
567,568.0,168551.568021,199147.69018,14.1891891892,14.1891891892
568,569.0,168543.302813,199149.054345,14.2142142142,14.2142142142
569,570.0,168536.262618,199151.10666,14.2392392392,14.2392392392
570,571.0,168530.447437,199153.847125,14.2642642643,14.2642642643
571,572.0,168525.857271,199157.27574,14.2892892893,14.2892892893
572,573.0,168522.492117,199161.392505,14.3143143143,14.3143143143
573,574.0,168520.351978,199166.197419,14.3393393393,14.3393393393
574,575.0,168519.436853,199171.690484,14.3643643644,14.3643643644
575,576.0,168519.746741,199177.871698,14.3893893894,14.3893893894
576,577.0,168521.281643,199184.741062,14.4144144144,14.4144144144
577,578.0,168524.041559,199192.298576,14.4394394394,14.4394394394
578,579.0,168528.026489,199200.54424,14.4644644645,14.4644644645
579,580.0,168533.236433,199209.478053,14.4894894895,14.4894894895
580,581.0,168539.671391,199219.100017,14.5145145145,14.5145145145
581,582.0,168547.331362,199229.41013,14.5395395395,14.5395395395
582,583.0,168556.216347,199240.408393,14.5645645646,14.5645645646
583,584.0,168566.326346,199252.094806,14.5895895896,14.5895895896
584,585.0,168577.661359,199264.469369,14.6146146146,14.6146146146
585,586.0,168590.221386,199277.532081,14.6396396396,14.6396396396
586,587.0,168604.006427,199291.282944,14.6646646647,14.6646646647
587,588.0,168619.016481,199305.721956,14.6896896897,14.6896896897
588,589.0,168635.251549,199320.849119,14.7147147147,14.7147147147
589,590.0,168652.711632,199336.664431,14.7397397397,14.7397397397
590,591.0,168671.396728,199353.167892,14.7647647648,14.7647647648
591,592.0,168691.306837,199370.359504,14.7897897898,14.7897897898
592,593.0,168712.441961,199388.239266,14.8148148148,14.8148148148
593,594.0,168734.802098,199406.807177,14.8398398398,14.8398398398
594,595.0,168758.38725,199426.063238,14.8648648649,14.8648648649
595,596.0,168783.197415,199446.00745,14.8898898899,14.8898898899
596,597.0,168809.232594,199466.63981,14.9149149149,14.9149149149
597,598.0,168836.492787,199487.960321,14.9399399399,14.9399399399
598,599.0,168864.977993,199509.968982,14.964964965,14.964964965
599,600.0,168894.688214,199532.665792,14.98998999,14.98998999
600,601.0,168925.623448,199556.050753,15.015015015,15.015015015
601,602.0,168957.783696,199580.123863,15.04004004,15.04004004
602,603.0,168991.168958,199604.885123,15.0650650651,15.0650650651
603,604.0,169025.779234,199630.334533,15.0900900901,15.0900900901
604,605.0,169061.303236,199656.472092,15.1151151151,15.1151151151
605,606.0,169097.397011,199683.297802,15.1401401401,15.1401401401
606,607.0,169134.060346,199710.811661,15.1651651652,15.1651651652
607,608.0,169171.293241,199739.013671,15.1901901902,15.1901901902
608,609.0,169209.095698,199767.90383,15.2152152152,15.2152152152
609,610.0,169247.467714,199797.482139,15.2402402402,15.2402402402
610,611.0,169286.409292,199827.748597,15.2652652653,15.2652652653
611,612.0,169325.92043,199858.703206,15.2902902903,15.2902902903
612,613.0,169366.001129,199890.345964,15.3153153153,15.3153153153
613,614.0,169406.651388,199922.676873,15.3403403403,15.3403403403
614,615.0,169447.871208,199955.690894,15.3653653654,15.3653653654
615,616.0,169489.660589,199988.775333,15.3903903904,15.3903903904
616,617.0,169532.01953,200021.507178,15.4154154154,15.4154154154
617,618.0,169574.948032,200053.886428,15.4404404404,15.4404404404
618,619.0,169618.446095,200085.913083,15.4654654655,15.4654654655
619,620.0,169662.513718,200117.587143,15.4904904905,15.4904904905
620,621.0,169707.150902,200148.908607,15.5155155155,15.5155155155
621,622.0,169752.357647,200179.877477,15.5405405405,15.5405405405
622,623.0,169798.133952,200210.493753,15.5655655656,15.5655655656
623,624.0,169844.479818,200240.757433,15.5905905906,15.5905905906
624,625.0,169891.395244,200270.668518,15.6156156156,15.6156156156
625,626.0,169938.880231,200300.227008,15.6406406406,15.6406406406
626,627.0,169986.934779,200329.432903,15.6656656657,15.6656656657
627,628.0,170035.558887,200358.286203,15.6906906907,15.6906906907
628,629.0,170084.752556,200386.786909,15.7157157157,15.7157157157
629,630.0,170134.515786,200414.935019,15.7407407407,15.7407407407
630,631.0,170184.848576,200442.730534,15.7657657658,15.7657657658
631,632.0,170235.750927,200470.173455,15.7907907908,15.7907907908
632,633.0,170287.222839,200497.26378,15.8158158158,15.8158158158
633,634.0,170339.264311,200524.001511,15.8408408408,15.8408408408
634,635.0,170391.875344,200550.386647,15.8658658659,15.8658658659
635,636.0,170445.055937,200576.419187,15.8908908909,15.8908908909
636,637.0,170498.806091,200602.099133,15.9159159159,15.9159159159
637,638.0,170553.125806,200627.426484,15.9409409409,15.9409409409
638,639.0,170608.015081,200652.401239,15.965965966,15.965965966
639,640.0,170663.473917,200677.0234,15.990990991,15.990990991
640,641.0,170719.502314,200701.292966,16.016016016,16.016016016
641,642.0,170776.100271,200725.209937,16.041041041,16.041041041
642,643.0,170833.267789,200748.774313,16.0660660661,16.0660660661
643,644.0,170891.004868,200771.986094,16.0910910911,16.0910910911
644,645.0,170949.311507,200794.84528,16.1161161161,16.1161161161
645,646.0,171008.187707,200817.351871,16.1411411411,16.1411411411
646,647.0,171067.633467,200839.505867,16.1661661662,16.1661661662
647,648.0,171127.648788,200861.307269,16.1911911912,16.1911911912
648,649.0,171188.23367,200882.756075,16.2162162162,16.2162162162
649,650.0,171249.388112,200903.852286,16.2412412412,16.2412412412
650,651.0,171311.112115,200924.595902,16.2662662663,16.2662662663
651,652.0,171373.405679,200944.986924,16.2912912913,16.2912912913
652,653.0,171436.268803,200965.02535,16.3163163163,16.3163163163
653,654.0,171499.701488,200984.711182,16.3413413413,16.3413413413
654,655.0,171563.703734,201004.044418,16.3663663664,16.3663663664
655,656.0,171628.27554,201023.02506,16.3913913914,16.3913913914
656,657.0,171693.416907,201041.653106,16.4164164164,16.4164164164
657,658.0,171759.127834,201059.928558,16.4414414414,16.4414414414
658,659.0,171825.408322,201077.851415,16.4664664665,16.4664664665
659,660.0,171892.258371,201095.421677,16.4914914915,16.4914914915
660,661.0,171959.67798,201112.639343,16.5165165165,16.5165165165
661,662.0,172027.66715,201129.504415,16.5415415415,16.5415415415
662,663.0,172096.225881,201146.016892,16.5665665666,16.5665665666
663,664.0,172165.354172,201162.176774,16.5915915916,16.5915915916
664,665.0,172235.052024,201177.984061,16.6166166166,16.6166166166
665,666.0,172305.319437,201193.438753,16.6416416416,16.6416416416
666,667.0,172376.15641,201208.54085,16.6666666667,16.6666666667
667,668.0,172447.562944,201223.290352,16.6916916917,16.6916916917
668,669.0,172519.539038,201237.687259,16.7167167167,16.7167167167
669,670.0,172592.084693,201251.731572,16.7417417417,16.7417417417
670,671.0,172665.199909,201265.423289,16.7667667668,16.7667667668
671,672.0,172738.884685,201278.762411,16.7917917918,16.7917917918
672,673.0,172813.139022,201291.748939,16.8168168168,16.8168168168
673,674.0,172887.96292,201304.382871,16.8418418418,16.8418418418
674,675.0,172963.356378,201316.664208,16.8668668669,16.8668668669
675,676.0,173039.319397,201328.592951,16.8918918919,16.8918918919
676,677.0,173115.748811,201340.169099,16.9169169169,16.9169169169
677,678.0,173191.934688,201351.392651,16.9419419419,16.9419419419
678,679.0,173267.742135,201362.263609,16.966966967,16.966966967
679,680.0,173343.171153,201372.781971,16.991991992,16.991991992
680,681.0,173418.221741,201382.947739,17.017017017,17.017017017
681,682.0,173492.8939,201392.760912,17.042042042,17.042042042
682,683.0,173567.187629,201402.22149,17.0670670671,17.0670670671
683,684.0,173641.102929,201411.329473,17.0920920921,17.0920920921
684,685.0,173714.639798,201420.084861,17.1171171171,17.1171171171
685,686.0,173787.798239,201428.487654,17.1421421421,17.1421421421
686,687.0,173860.578249,201436.537852,17.1671671672,17.1671671672
687,688.0,173932.979831,201444.235455,17.1921921922,17.1921921922
688,689.0,174005.002982,201451.580463,17.2172172172,17.2172172172
689,690.0,174076.647704,201458.572876,17.2422422422,17.2422422422
690,691.0,174147.913996,201465.212694,17.2672672673,17.2672672673
691,692.0,174218.801859,201471.499917,17.2922922923,17.2922922923
692,693.0,174289.311292,201477.434546,17.3173173173,17.3173173173
693,694.0,174359.442296,201483.016579,17.3423423423,17.3423423423
694,695.0,174429.19487,201488.246017,17.3673673674,17.3673673674
695,696.0,174498.569014,201493.122861,17.3923923924,17.3923923924
696,697.0,174567.564729,201497.647109,17.4174174174,17.4174174174
697,698.0,174636.182014,201501.818763,17.4424424424,17.4424424424
698,699.0,174704.420869,201505.637821,17.4674674675,17.4674674675
699,700.0,174772.281295,201509.104285,17.4924924925,17.4924924925
700,701.0,174839.763292,201512.218154,17.5175175175,17.5175175175
701,702.0,174906.866859,201514.979427,17.5425425425,17.5425425425
702,703.0,174973.591996,201517.388106,17.5675675676,17.5675675676
703,704.0,175039.938703,201519.44419,17.5925925926,17.5925925926
704,705.0,175105.906981,201521.147679,17.6176176176,17.6176176176
705,706.0,175171.49683,201522.535134,17.6426426426,17.6426426426
706,707.0,175236.708249,201523.861588,17.6676676677,17.6676676677
707,708.0,175301.541238,201525.176103,17.6926926927,17.6926926927
708,709.0,175365.995797,201526.478677,17.7177177177,17.7177177177
709,710.0,175430.071928,201527.769312,17.7427427427,17.7427427427
710,711.0,175493.769628,201529.048008,17.7677677678,17.7677677678
711,712.0,175557.088899,201530.314763,17.7927927928,17.7927927928
712,713.0,175620.02974,201531.569579,17.8178178178,17.8178178178
713,714.0,175682.592152,201532.812455,17.8428428428,17.8428428428
714,715.0,175744.776134,201534.043391,17.8678678679,17.8678678679
715,716.0,175806.581686,201535.262388,17.8928928929,17.8928928929
716,717.0,175868.008809,201536.469445,17.9179179179,17.9179179179
717,718.0,175929.057502,201537.664562,17.9429429429,17.9429429429
718,719.0,175989.727766,201538.847739,17.967967968,17.967967968
719,720.0,176050.0196,201540.018976,17.992992993,17.992992993
720,721.0,176109.933005,201541.178274,18.018018018,18.018018018
721,722.0,176169.467979,201542.325632,18.043043043,18.043043043
722,723.0,176228.549621,201543.46105,18.0680680681,18.0680680681
723,724.0,176286.800333,201544.584529,18.0930930931,18.0930930931
724,725.0,176344.167805,201545.696068,18.1181181181,18.1181181181
725,726.0,176400.652038,201546.795667,18.1431431431,18.1431431431
726,727.0,176456.253032,201547.883326,18.1681681682,18.1681681682
727,728.0,176510.970787,201548.959045,18.1931931932,18.1931931932
728,729.0,176564.805302,201550.022825,18.2182182182,18.2182182182
729,730.0,176617.756578,201551.074665,18.2432432432,18.2432432432
730,731.0,176669.824615,201552.114565,18.2682682683,18.2682682683
731,732.0,176721.009412,201553.142526,18.2932932933,18.2932932933
732,733.0,176771.31097,201554.158547,18.3183183183,18.3183183183
733,734.0,176820.729289,201555.162628,18.3433433433,18.3433433433
734,735.0,176869.264369,201556.154769,18.3683683684,18.3683683684
735,736.0,176916.916209,201557.13497,18.3933933934,18.3933933934
736,737.0,176963.684811,201558.103232,18.4184184184,18.4184184184
737,738.0,177009.570172,201559.059554,18.4434434434,18.4434434434
738,739.0,177054.572295,201560.003936,18.4684684685,18.4684684685
739,740.0,177098.691178,201560.936379,18.4934934935,18.4934934935
740,741.0,177141.926822,201561.856881,18.5185185185,18.5185185185
741,742.0,177184.279227,201562.765444,18.5435435435,18.5435435435
742,743.0,177225.748392,201563.662068,18.5685685686,18.5685685686
743,744.0,177266.334318,201564.546751,18.5935935936,18.5935935936
744,745.0,177306.037005,201565.419495,18.6186186186,18.6186186186
745,746.0,177344.856453,201566.280299,18.6436436436,18.6436436436
746,747.0,177382.792661,201567.129163,18.6686686687,18.6686686687
747,748.0,177419.84563,201567.966087,18.6936936937,18.6936936937
748,749.0,177456.01536,201568.791072,18.7187187187,18.7187187187
749,750.0,177491.301851,201569.604117,18.7437437437,18.7437437437
750,751.0,177525.705102,201570.405222,18.7687687688,18.7687687688
751,752.0,177559.225114,201571.194388,18.7937937938,18.7937937938
752,753.0,177591.861886,201571.971613,18.8188188188,18.8188188188
753,754.0,177623.61542,201572.736899,18.8438438438,18.8438438438
754,755.0,177654.485714,201573.490245,18.8688688689,18.8688688689
755,756.0,177684.472769,201574.231652,18.8938938939,18.8938938939
756,757.0,177713.576584,201574.961118,18.9189189189,18.9189189189
757,758.0,177741.79716,201575.678645,18.9439439439,18.9439439439
758,759.0,177769.134497,201576.384233,18.968968969,18.968968969
759,760.0,177795.588595,201577.07788,18.993993994,18.993993994
760,761.0,177821.159454,201577.759588,19.019019019,19.019019019
761,762.0,177845.847073,201578.429356,19.044044044,19.044044044
762,763.0,177869.651453,201579.087184,19.0690690691,19.0690690691
763,764.0,177892.572593,201579.733072,19.0940940941,19.0940940941
764,765.0,177914.610495,201580.367021,19.1191191191,19.1191191191
765,766.0,177935.765157,201580.98903,19.1441441441,19.1441441441
766,767.0,177956.036579,201581.599099,19.1691691692,19.1691691692
767,768.0,177975.424763,201582.197228,19.1941941942,19.1941941942
768,769.0,177994.215555,201582.783418,19.2192192192,19.2192192192
769,770.0,178013.491446,201583.357668,19.2442442442,19.2442442442
770,771.0,178033.357125,201583.919978,19.2692692693,19.2692692693
771,772.0,178053.812593,201584.470348,19.2942942943,19.2942942943
772,773.0,178074.857849,201585.008779,19.3193193193,19.3193193193
773,774.0,178096.492894,201585.53527,19.3443443443,19.3443443443
774,775.0,178118.717727,201586.049821,19.3693693694,19.3693693694
775,776.0,178141.532348,201586.552432,19.3943943944,19.3943943944
776,777.0,178164.936757,201587.043104,19.4194194194,19.4194194194
777,778.0,178188.930955,201587.521836,19.4444444444,19.4444444444
778,779.0,178213.514942,201587.988628,19.4694694695,19.4694694695
779,780.0,178238.688716,201588.44348,19.4944944945,19.4944944945
780,781.0,178264.452279,201588.886393,19.5195195195,19.5195195195
781,782.0,178290.80563,201589.317366,19.5445445445,19.5445445445
782,783.0,178317.74877,201589.736399,19.5695695696,19.5695695696
783,784.0,178345.281698,201590.143492,19.5945945946,19.5945945946
784,785.0,178373.404414,201590.538646,19.6196196196,19.6196196196
785,786.0,178402.116918,201590.92186,19.6446446446,19.6446446446
786,787.0,178431.419211,201591.293134,19.6696696697,19.6696696697
787,788.0,178461.311292,201591.652468,19.6946946947,19.6946946947
788,789.0,178491.793162,201591.999863,19.7197197197,19.7197197197
789,790.0,178522.86482,201592.335318,19.7447447447,19.7447447447
790,791.0,178554.526266,201592.658833,19.7697697698,19.7697697698
791,792.0,178586.777501,201592.970408,19.7947947948,19.7947947948
792,793.0,178619.618524,201593.270044,19.8198198198,19.8198198198
793,794.0,178653.049335,201593.557739,19.8448448448,19.8448448448
794,795.0,178687.069934,201593.833496,19.8698698699,19.8698698699
795,796.0,178721.680322,201594.097312,19.8948948949,19.8948948949
796,797.0,178756.880499,201594.349188,19.9199199199,19.9199199199
797,798.0,178792.670463,201594.589125,19.9449449449,19.9449449449
798,799.0,178829.050216,201594.817122,19.96996997,19.96996997
799,800.0,178866.019757,201595.03318,19.994994995,19.994994995
800,801.0,178903.579087,201595.237297,20.02002002,20.02002002
801,802.0,178941.728205,201595.429475,20.045045045,20.045045045
802,803.0,178980.467111,201595.609713,20.0700700701,20.0700700701
803,804.0,179019.795806,201595.775554,20.0950950951,20.0950950951
804,805.0,179059.714289,201595.916031,20.1201201201,20.1201201201
805,806.0,179100.22256,201596.029829,20.1451451451,20.1451451451
806,807.0,179141.32062,201596.116947,20.1701701702,20.1701701702
807,808.0,179183.008468,201596.177384,20.1951951952,20.1951951952
808,809.0,179225.286104,201596.211142,20.2202202202,20.2202202202
809,810.0,179268.153528,201596.218221,20.2452452452,20.2452452452
810,811.0,179311.610741,201596.198619,20.2702702703,20.2702702703
811,812.0,179355.657743,201596.152337,20.2952952953,20.2952952953
812,813.0,179400.294532,201596.079376,20.3203203203,20.3203203203
813,814.0,179445.52111,201595.979735,20.3453453453,20.3453453453
814,815.0,179491.337477,201595.853414,20.3703703704,20.3703703704
815,816.0,179537.743631,201595.700413,20.3953953954,20.3953953954
816,817.0,179584.739574,201595.520732,20.4204204204,20.4204204204
817,818.0,179632.325306,201595.314372,20.4454454454,20.4454454454
818,819.0,179680.500825,201595.081331,20.4704704705,20.4704704705
819,820.0,179729.266133,201594.821611,20.4954954955,20.4954954955
820,821.0,179778.621229,201594.535211,20.5205205205,20.5205205205
821,822.0,179828.566114,201594.222131,20.5455455455,20.5455455455
822,823.0,179879.100787,201593.882371,20.5705705706,20.5705705706
823,824.0,179930.225248,201593.515932,20.5955955956,20.5955955956
824,825.0,179981.939498,201593.122812,20.6206206206,20.6206206206
825,826.0,180034.243536,201592.703013,20.6456456456,20.6456456456
826,827.0,180087.137362,201592.256534,20.6706706707,20.6706706707
827,828.0,180140.620977,201591.783375,20.6956956957,20.6956956957
828,829.0,180194.69438,201591.283537,20.7207207207,20.7207207207
829,830.0,180249.357571,201590.757018,20.7457457457,20.7457457457
830,831.0,180304.610551,201590.20382,20.7707707708,20.7707707708
831,832.0,180360.453319,201589.623941,20.7957957958,20.7957957958
832,833.0,180416.885875,201589.017383,20.8208208208,20.8208208208
833,834.0,180473.90822,201588.384145,20.8458458458,20.8458458458
834,835.0,180531.520353,201587.724228,20.8708708709,20.8708708709
835,836.0,180589.722274,201587.03763,20.8958958959,20.8958958959
836,837.0,180648.513984,201586.324353,20.9209209209,20.9209209209
837,838.0,180707.533445,201585.584396,20.9459459459,20.9459459459
838,839.0,180765.866122,201584.817759,20.970970971,20.970970971
839,840.0,180823.467471,201584.024442,20.995995996,20.995995996
840,841.0,180880.337492,201583.204445,21.021021021,21.021021021
841,842.0,180936.476187,201582.357768,21.046046046,21.046046046
842,843.0,180991.883553,201581.484412,21.0710710711,21.0710710711
843,844.0,181046.559592,201580.584376,21.0960960961,21.0960960961
844,845.0,181100.504304,201579.65766,21.1211211211,21.1211211211
845,846.0,181153.717688,201578.704264,21.1461461461,21.1461461461
846,847.0,181206.199745,201577.724188,21.1711711712,21.1711711712
847,848.0,181257.950474,201576.717432,21.1961961962,21.1961961962
848,849.0,181308.969876,201575.683997,21.2212212212,21.2212212212
849,850.0,181359.25795,201574.623882,21.2462462462,21.2462462462
850,851.0,181408.814697,201573.537087,21.2712712713,21.2712712713
851,852.0,181457.640116,201572.423612,21.2962962963,21.2962962963
852,853.0,181505.734207,201571.283457,21.3213213213,21.3213213213
853,854.0,181553.096972,201570.116622,21.3463463463,21.3463463463
854,855.0,181599.728408,201568.923108,21.3713713714,21.3713713714
855,856.0,181645.628518,201567.702914,21.3963963964,21.3963963964
856,857.0,181690.797299,201566.45604,21.4214214214,21.4214214214
857,858.0,181735.234754,201565.182486,21.4464464464,21.4464464464
858,859.0,181778.940881,201563.882252,21.4714714715,21.4714714715
859,860.0,181821.91568,201562.555338,21.4964964965,21.4964964965
860,861.0,181864.159152,201561.201745,21.5215215215,21.5215215215
861,862.0,181905.671296,201559.821472,21.5465465465,21.5465465465
862,863.0,181946.452113,201558.414519,21.5715715716,21.5715715716
863,864.0,181986.501602,201556.980886,21.5965965966,21.5965965966
864,865.0,182025.819764,201555.520573,21.6216216216,21.6216216216
865,866.0,182064.406598,201554.03358,21.6466466466,21.6466466466
866,867.0,182102.262105,201552.519908,21.6716716717,21.6716716717
867,868.0,182139.386285,201550.979556,21.6966966967,21.6966966967
868,869.0,182175.779136,201549.412524,21.7217217217,21.7217217217
869,870.0,182211.440661,201547.818812,21.7467467467,21.7467467467
870,871.0,182246.370858,201546.19842,21.7717717718,21.7717717718
871,872.0,182280.569727,201544.551348,21.7967967968,21.7967967968
872,873.0,182314.037269,201542.877597,21.8218218218,21.8218218218
873,874.0,182346.773484,201541.177166,21.8468468468,21.8468468468
874,875.0,182378.778371,201539.450055,21.8718718719,21.8718718719
875,876.0,182410.05193,201537.696264,21.8968968969,21.8968968969
876,877.0,182440.594162,201535.915793,21.9219219219,21.9219219219
877,878.0,182470.405066,201534.108642,21.9469469469,21.9469469469
878,879.0,182499.484644,201532.274812,21.971971972,21.971971972
879,880.0,182527.832893,201530.414301,21.996996997,21.996996997
880,881.0,182555.449815,201528.527111,22.022022022,22.022022022
881,882.0,182582.33541,201526.613241,22.047047047,22.047047047
882,883.0,182608.489677,201524.672692,22.0720720721,22.0720720721
883,884.0,182633.912616,201522.705462,22.0970970971,22.0970970971
884,885.0,182658.604228,201520.711553,22.1221221221,22.1221221221
885,886.0,182682.564513,201518.690963,22.1471471471,22.1471471471
886,887.0,182705.79347,201516.643694,22.1721721722,22.1721721722
887,888.0,182728.2911,201514.569745,22.1971971972,22.1971971972
888,889.0,182750.057402,201512.469116,22.2222222222,22.2222222222
889,890.0,182771.092376,201510.341808,22.2472472472,22.2472472472
890,891.0,182791.396023,201508.187819,22.2722722723,22.2722722723
891,892.0,182810.968343,201506.007151,22.2972972973,22.2972972973
892,893.0,182829.809335,201503.799803,22.3223223223,22.3223223223
893,894.0,182847.919,201501.565775,22.3473473473,22.3473473473
894,895.0,182865.297337,201499.305067,22.3723723724,22.3723723724
895,896.0,182881.944347,201497.01768,22.3973973974,22.3973973974
896,897.0,182897.860029,201494.730712,22.4224224224,22.4224224224
897,898.0,182913.044384,201492.591292,22.4474474474,22.4474474474
898,899.0,182927.497411,201490.621533,22.4724724725,22.4724724725
899,900.0,182941.219111,201488.821434,22.4974974975,22.4974974975
900,901.0,182954.209483,201487.190996,22.5225225225,22.5225225225
901,902.0,182966.890761,201485.730218,22.5475475475,22.5475475475
902,903.0,182980.522562,201484.4391,22.5725725726,22.5725725726
903,904.0,182995.188901,201483.317642,22.5975975976,22.5975975976
904,905.0,183010.889776,201482.365845,22.6226226226,22.6226226226
905,906.0,183027.625189,201481.583708,22.6476476476,22.6476476476
906,907.0,183045.395138,201480.971231,22.6726726727,22.6726726727
907,908.0,183064.199624,201480.528415,22.6976976977,22.6976976977
908,909.0,183084.038647,201480.255259,22.7227227227,22.7227227227
909,910.0,183104.912208,201480.151763,22.7477477477,22.7477477477
910,911.0,183126.820305,201480.217928,22.7727727728,22.7727727728
911,912.0,183149.762938,201480.453753,22.7977977978,22.7977977978
912,913.0,183173.740109,201480.859238,22.8228228228,22.8228228228
913,914.0,183198.751817,201481.434384,22.8478478478,22.8478478478
914,915.0,183224.798062,201482.17919,22.8728728729,22.8728728729
915,916.0,183251.878843,201483.093656,22.8978978979,22.8978978979
916,917.0,183279.994162,201484.177783,22.9229229229,22.9229229229
917,918.0,183309.144017,201485.431569,22.9479479479,22.9479479479
918,919.0,183339.328409,201486.855017,22.972972973,22.972972973
919,920.0,183370.547339,201488.448124,22.997997998,22.997997998
920,921.0,183402.800805,201490.210892,23.023023023,23.023023023
921,922.0,183436.088808,201492.14332,23.048048048,23.048048048
922,923.0,183470.411348,201494.245408,23.0730730731,23.0730730731
923,924.0,183505.768425,201496.517157,23.0980980981,23.0980980981
924,925.0,183542.160038,201498.958566,23.1231231231,23.1231231231
925,926.0,183579.586189,201501.569636,23.1481481481,23.1481481481
926,927.0,183618.046877,201504.350365,23.1731731732,23.1731731732
927,928.0,183657.542101,201507.300755,23.1981981982,23.1981981982
928,929.0,183698.071863,201510.420806,23.2232232232,23.2232232232
929,930.0,183739.636161,201513.710516,23.2482482482,23.2482482482
930,931.0,183782.234996,201517.169887,23.2732732733,23.2732732733
931,932.0,183825.868369,201520.798919,23.2982982983,23.2982982983
932,933.0,183870.536278,201524.59761,23.3233233233,23.3233233233
933,934.0,183916.238724,201528.565962,23.3483483483,23.3483483483
934,935.0,183962.975707,201532.703975,23.3733733734,23.3733733734
935,936.0,184010.747227,201537.011647,23.3983983984,23.3983983984
936,937.0,184059.553283,201541.48898,23.4234234234,23.4234234234
937,938.0,184109.393877,201546.135973,23.4484484484,23.4484484484
938,939.0,184160.269008,201550.952627,23.4734734735,23.4734734735
939,940.0,184212.178675,201555.938941,23.4984984985,23.4984984985
940,941.0,184265.12288,201561.094915,23.5235235235,23.5235235235
941,942.0,184319.101621,201566.420549,23.5485485485,23.5485485485
942,943.0,184374.114899,201571.915844,23.5735735736,23.5735735736
943,944.0,184430.162715,201577.580799,23.5985985986,23.5985985986
944,945.0,184487.245067,201583.415415,23.6236236236,23.6236236236
945,946.0,184545.361956,201589.41969,23.6486486486,23.6486486486
946,947.0,184604.513382,201595.593626,23.6736736737,23.6736736737
947,948.0,184663.766439,201601.937223,23.6986986987,23.6986986987
948,949.0,184720.988595,201608.450479,23.7237237237,23.7237237237
949,950.0,184776.096387,201615.133396,23.7487487487,23.7487487487
950,951.0,184829.089813,201621.985974,23.7737737738,23.7737737738
951,952.0,184879.968874,201629.008211,23.7987987988,23.7987987988
952,953.0,184928.733571,201636.200109,23.8238238238,23.8238238238
953,954.0,184975.383902,201643.561668,23.8488488488,23.8488488488
954,955.0,185019.919869,201651.092886,23.8738738739,23.8738738739
955,956.0,185062.34147,201658.793765,23.8988988989,23.8988988989
956,957.0,185102.648707,201666.664304,23.9239239239,23.9239239239
957,958.0,185140.841579,201674.704504,23.9489489489,23.9489489489
958,959.0,185176.920086,201682.914364,23.973973974,23.973973974
959,960.0,185210.884227,201691.293884,23.998998999,23.998998999
960,961.0,185242.734004,201699.843064,24.024024024,24.024024024
961,962.0,185272.469416,201708.561905,24.049049049,24.049049049
962,963.0,185300.090463,201717.450406,24.0740740741,24.0740740741
963,964.0,185325.597145,201726.508568,24.0990990991,24.0990990991
964,965.0,185348.989462,201735.73639,24.1241241241,24.1241241241
965,966.0,185370.267414,201745.133872,24.1491491491,24.1491491491
966,967.0,185389.431002,201754.701014,24.1741741742,24.1741741742
967,968.0,185406.480224,201764.437817,24.1991991992,24.1991991992
968,969.0,185421.415081,201774.34428,24.2242242242,24.2242242242
969,970.0,185434.235574,201784.420403,24.2492492492,24.2492492492
970,971.0,185444.941701,201794.666187,24.2742742743,24.2742742743
971,972.0,185453.533464,201805.081631,24.2992992993,24.2992992993
972,973.0,185460.010861,201815.666735,24.3243243243,24.3243243243
973,974.0,185464.373894,201826.4215,24.3493493493,24.3493493493
974,975.0,185466.622561,201837.345925,24.3743743744,24.3743743744
975,976.0,185466.756864,201848.44001,24.3993993994,24.3993993994
976,977.0,185464.776802,201859.703755,24.4244244244,24.4244244244
977,978.0,185460.682375,201871.137161,24.4494494494,24.4494494494
978,979.0,185454.473582,201882.740227,24.4744744745,24.4744744745
979,980.0,185446.150425,201894.512954,24.4994994995,24.4994994995
980,981.0,185435.712903,201906.455341,24.5245245245,24.5245245245
981,982.0,185423.161016,201918.379579,24.5495495495,24.5495495495
982,983.0,185408.494764,201930.042641,24.5745745746,24.5745745746
983,984.0,185392.281216,201941.443547,24.5995995996,24.5995995996
984,985.0,185377.717398,201952.582298,24.6246246246,24.6246246246
985,986.0,185365.303322,201963.458894,24.6496496496,24.6496496496
986,987.0,185355.038989,201974.073334,24.6746746747,24.6746746747
987,988.0,185346.924397,201984.425618,24.6996996997,24.6996996997
988,989.0,185340.959548,201994.515748,24.7247247247,24.7247247247
989,990.0,185337.14444,202004.343722,24.7497497497,24.7497497497
990,991.0,185335.479076,202013.90954,24.7747747748,24.7747747748
991,992.0,185335.963453,202023.213203,24.7997997998,24.7997997998
992,993.0,185338.597572,202032.254711,24.8248248248,24.8248248248
993,994.0,185343.381434,202041.034063,24.8498498498,24.8498498498
994,995.0,185350.315038,202049.55126,24.8748748749,24.8748748749
995,996.0,185359.398384,202057.806301,24.8998998999,24.8998998999
996,997.0,185370.631472,202065.799187,24.9249249249,24.9249249249
997,998.0,185384.014302,202073.529918,24.9499499499,24.9499499499
998,999.0,185399.546875,202080.998493,24.974974975,24.974974975
999,1000.0,185417.22919,202088.204913,25.0,25.0
